{
  "mode": "object",
  "items": 5000000,
  "batch": 50000,
  "fields": 3,
  "string_constraints": false,
  "number_constraints": false,
  "regex": false,
  "invalid_rate": 0.0,
  "parser_name": "orjson",
  "dict_time": 0.688899707980454,
  "dict_mem": 0.5898895263671875,
  "dict_ips": 7257950.5290512685,
  "json_loads_time": 1.8020137500134297,
  "json_loads_mem": 21.522851943969727,
  "json_loads_ips": 2774673.611654038,
  "json_time": 4.005319541960489,
  "json_mem": 0.3819913864135742,
  "json_ips": 1248339.8509454862,
  "json_stream_time": 2.22606429096777,
  "json_stream_mem": 0.38161373138427734,
  "json_stream_ips": 2246116.6194918277,
  "compare_libs": true,
  "pydantic_time": 5.700161917018704,
  "pydantic_mem": 0.3860034942626953,
  "pydantic_ips": 877168.0651863128,
  "msgspec_time": 0.6711382499779575,
  "msgspec_mem": 0.38168907165527344,
  "msgspec_ips": 7450029.856239333
}