{
  "mode": "ndjson",
  "items": 2000000,
  "batch": 50000,
  "fields": 3,
  "string_constraints": false,
  "number_constraints": false,
  "regex": false,
  "invalid_rate": 0.0,
  "parser_name": "orjson",
  "dict_time": 1.792685792024713,
  "dict_mem": 0.5898895263671875,
  "dict_ips": 1115644.4753997521,
  "json_loads_time": 2.416411917016376,
  "json_loads_mem": 26.990230560302734,
  "json_loads_ips": 827673.4549751213,
  "json_time": 8.746584916021675,
  "json_mem": 30.91121196746826,
  "json_ips": 228660.67376039224,
  "json_stream_time": 6.013730790989939,
  "json_stream_mem": 9.080875396728516,
  "json_stream_ips": 332572.2533167757,
  "hybrid_time": 2.258569708035793,
  "hybrid_mem": 231.68522548675537,
  "hybrid_ips": 885516.1710901263,
  "compare_libs": true,
  "pydantic_time": 1.356861958047375,
  "pydantic_mem": 8.60391616821289,
  "pydantic_ips": 1473989.294296487,
  "msgspec_time": 0.4599971250281669,
  "msgspec_mem": 9.080745697021484,
  "msgspec_ips": 4347853.260773172
}