{
  "test_type": "STRING_protein_interaction_scale_test",
  "config": {
    "string_version": "v12.0",
    "organism": "9606",
    "max_proteins": 10000,
    "max_interactions": 50000,
    "min_score": 400,
    "vector_dimension": 768,
    "num_vector_queries": 1000,
    "num_text_queries": 1000,
    "num_hybrid_queries": 500,
    "num_graph_queries": 500,
    "protein_batch_size": 5000,
    "interaction_batch_size": 25000,
    "embedding_batch_size": 2000,
    "max_workers": 8,
    "data_dir": "/Users/tdyar/ws/graph-ai/data/string"
  },
  "data_stats": {
    "proteins_processed": 10000,
    "interactions_processed": 3889,
    "avg_interactions_per_protein": 0.3889,
    "confidence_threshold": 400
  },
  "timings": {
    "total_time": 21.604093074798584,
    "download_time": 0.0006511211395263672,
    "parse_time": 0.06626677513122559,
    "ingestion_time": 21.008538007736206,
    "index_build_time": 0.053894996643066406
  },
  "ingestion_rates": {
    "proteins_per_sec": 475.99694925546885,
    "interactions_per_sec": 185.11521356545185,
    "embeddings_per_sec": 475.99694925546885
  },
  "graph_query_performance": {
    "avg_time": 0.00025093984603881837,
    "p95_time": 0.00017099380493164058,
    "p99_time": 0.00020079135894775387,
    "avg_results": 0.472,
    "total_queries": 500
  },
  "vector_search_performance": {
    "error": "No successful vector queries"
  },
  "text_search_performance": {
    "avg_time": 0.0011586586634318033,
    "p95_time": 0.0008496284484863281,
    "p99_time": 0.015732629299163695,
    "avg_results": 10.0,
    "total_queries": 60
  }
}