{
    "pet": [
        0.024322936,
        0.3198900768,
        0.401130618,
        0.45618567019999995,
        0.5184022548,
        0.574849449,
        0.6243167399999999,
        0.6813217140000001,
        0.738291012,
        0.7908786400000001,
        0.84040996,
        0.8896445852,
        0.9365712439999999,
        0.9820551080000001,
        1.036442116,
        1.0783849799999998,
        1.128560444,
        1.181201556,
        1.227399248,
        1.280792304,
        1.3289203,
        1.375016558,
        1.418724808,
        1.470532242,
        1.5201249759999997,
        1.56910375,
        1.61431806,
        1.663581846,
        1.71938714,
        1.76906867,
        1.82166758,
        1.8826619100000002,
        1.938213244,
        1.9959415699999998,
        2.05409602,
        2.11563364,
        2.17534884,
        2.241442358,
        2.3029746519999996,
        2.367091478,
        2.43564992,
        2.504927132,
        2.56500314,
        2.63121633,
        2.712562904,
        2.7892742100000003,
        2.8583722799999998,
        2.9275942919999998,
        3.0066667199999992,
        3.0684767039999996,
        3.1534388,
        3.21428734,
        3.2914339920000004,
        3.376114636,
        3.452559968,
        3.52995373,
        3.6156633760000014,
        3.69894812,
        3.780951924,
        3.8488738599999994,
        3.92293074,
        4.015159247999999,
        4.10712696,
        4.1910779719999995,
        4.280890112000002,
        4.362443150000001,
        4.435356239999999,
        4.522388874000001,
        4.609970452000001,
        4.69764408,
        4.780063,
        4.861089723999999,
        4.946177563999999,
        5.042064903999998,
        5.13885808,
        5.2457355,
        5.338825764,
        5.438908954000001,
        5.551146084,
        5.66821348,
        5.7754910000000015,
        5.88088812,
        6.0051399839999995,
        6.1196442,
        6.248642624,
        6.38729623,
        6.5272163039999995,
        6.660015444,
        6.81599692,
        6.987225822,
        7.1687628,
        7.38385279,
        7.5926096,
        7.788270452000001,
        8.0422424,
        8.2916739,
        8.617056199999995,
        9.0637862,
        9.575899779999997,
        10.434435970000006,
        16.180922
    ],
    "sm": [
        18.71813719318222,
        30.21115292120613,
        34.10513304556138,
        37.19616676455473,
        39.715506362612324,
        41.67442408432925,
        43.4747683711587,
        45.25070249488759,
        46.94100682259969,
        48.32228185441308,
        49.880988283168655,
        51.19369132417188,
        52.64076653182673,
        53.9343287147843,
        55.25902170301263,
        56.4481506301563,
        57.59947078445452,
        58.71932721455115,
        59.69023451670474,
        60.74465259083493,
        61.657059040948965,
        62.67387947826485,
        63.68810056197692,
        64.67945304679135,
        65.62319908702803,
        66.4993625012537,
        67.43842960189608,
        68.49439670101535,
        69.61799443235171,
        70.5187505977012,
        71.51089801862086,
        72.65245908718327,
        73.59037598618829,
        74.58063043886793,
        75.60663102648432,
        76.71841852441857,
        77.76621666242113,
        78.75729629356306,
        79.79431558183347,
        80.86260767103204,
        81.89383967850306,
        82.91389840529854,
        84.01219030928021,
        85.07799469514896,
        86.30547592100358,
        87.35097447287049,
        88.43383424794654,
        89.59387667925985,
        90.83971980947977,
        91.96030646445423,
        93.04720726242064,
        94.30779543789822,
        95.53838486820631,
        96.64359120784873,
        97.80740663491011,
        98.90749207014963,
        100.18367348643868,
        101.29985684800432,
        102.4901122218661,
        103.78491932079143,
        104.96502975006273,
        106.37551894706351,
        107.74465580122276,
        109.06689808843637,
        110.35637403023709,
        111.92026376395425,
        113.49861284781414,
        114.99848993660503,
        116.6085869333535,
        117.93456507748736,
        119.49690100354938,
        121.34641034056516,
        122.89082390574943,
        124.57938182641674,
        126.20193295678062,
        128.1458156817825,
        129.86501316723167,
        131.9016830233678,
        133.71415782505488,
        135.308926069332,
        137.2623381925999,
        139.392184551497,
        141.2839776891727,
        143.64871477495586,
        146.09038127524997,
        148.99270219522816,
        151.9409998461774,
        155.34233347919363,
        159.26412088637824,
        162.62340816950692,
        165.51122782440174,
        168.4718799385349,
        171.29121184176705,
        174.59712861569747,
        177.30065130337158,
        180.0179882364261,
        182.2401395937632,
        185.28867259004122,
        190.10236491848093,
        197.1958300217679,
        219.94280990664225
    ],
    "gw": [
        0.316415667523316,
        1.0170008934027759,
        1.3396665431323258,
        1.5846308751407197,
        1.8086587390031246,
        2.0131240630582106,
        2.211431588940674,
        2.3858970172733143,
        2.5704193963035302,
        2.740162152888843,
        2.906782043086233,
        3.0778274750217527,
        3.2589878374376204,
        3.4249771640191833,
        3.6039631989798684,
        3.7529762347804283,
        3.9081088799855057,
        4.075102962515494,
        4.211281390615363,
        4.364733742954967,
        4.504613963999024,
        4.643861195261222,
        4.785139901386384,
        4.924796149648418,
        5.055023994338982,
        5.213258336832737,
        5.350643636046368,
        5.488950061867868,
        5.640132096239902,
        5.793250533998117,
        5.9417815864472345,
        6.111225940947922,
        6.27341331663949,
        6.426613363460961,
        6.607205683350547,
        6.769086025862319,
        6.930566986471998,
        7.097605474490777,
        7.288994273815729,
        7.4644811359065475,
        7.6549884614223975,
        7.854029220702229,
        8.047413619522667,
        8.241654037588715,
        8.446831438475204,
        8.672897327417763,
        8.867234453833388,
        9.09004158825965,
        9.316399898099684,
        9.520768822296024,
        9.747519194684836,
        9.983617162870859,
        10.246221478642152,
        10.474919038393592,
        10.731930447620757,
        10.95849961366311,
        11.231869134125972,
        11.463452034723263,
        11.742652951605061,
        12.056690754393601,
        12.319992145592527,
        12.615431106804728,
        12.87695811560578,
        13.196426543018285,
        13.525515576176755,
        13.847703522823748,
        14.125221923536461,
        14.465815576901171,
        14.842041930568511,
        15.177310217281983,
        15.495568799355373,
        15.917863856237064,
        16.329309056308826,
        16.691761774424815,
        17.12590889812422,
        17.52166306984376,
        17.990117622981792,
        18.391027055319903,
        18.91847772561857,
        19.403218759365256,
        19.91526121629316,
        20.39175829820472,
        20.983848889556057,
        21.593694244186224,
        22.14411606527989,
        22.85797669247966,
        23.542177429632147,
        24.293230414776065,
        25.186645803093032,
        26.011310365301153,
        27.15210817159171,
        28.240479491947877,
        29.653686517832206,
        31.036837235036856,
        32.959129065658,
        34.9448767134618,
        37.318909795308876,
        40.34299501084625,
        45.20421613095739,
        53.063660456703566,
        116.49241569349324
    ]
}
