{
  "{\"lhs\":\"bf16[262144,7168]\",\"rhs\":\"bf16[256,7168,2048]\",\"group_sizes\":[1459,1754,0,1336,1039,1584,1073,0,2363,940,1941,1297,1393,2270,0,213,49,0,1908,0,0,1960,1131,1914,290,1569,351,2317,1279,1017,0,1899,1118,1394,46,1514,1501,1513,2314,1672,881,1071,0,0,0,1644,516,316,773,892,1398,1075,2424,250,512,395,1601,621,1143,599,389,270,1609,338,482,904,2013,238,2055,235,2395,1149,2395,1483,1813,96,693,294,726,291,779,1016,157,1698,1389,650,1283,230,1412,2279,781,1637,323,0,709,449,1438,49,2033,11,1662,662,1803,0,610,0,1452,1403,547,2336,1096,2076,0,729,1996,972,2161,1425,2162,1698,1778,0,2345,1579,1039,1487,0,739,1619,0,1515,1051,332,731,1398,1449,1408,1602,1599,0,2199,901,1069,2187,1977,0,245,0,1751,2449,366,2129,398,1509,303,2079,1980,1395,998,169,1710,1112,1771,2125,0,0,28,882,1790,420,0,133,490,45,1946,549,847,2276,1727,78,403,1524,1415,583,2291,1505,0,1446,1790,765,976,0,0,0,1813,0,557,623,0,1065,764,1707,926,440,60,164,1666,1112,1316,2199,2429,532,1626,645,50,0,784,940,0,2038,1542,0,0,1957,455,2336,1686,528,2323,1792,622,523,0,62,508,1041,917,1137,680,1439,2118,288,1269,323,1758,971,1386,449,355,0,872,2306,1877,1836,2216,204],\"ragged_dot_dimension_numbers\":{\"dot_dimension_numbers\":[[[1],[1]],[[],[]]],\"lhs_ragged_dimensions\":[0],\"rhs_group_dimensions\":[0]},\"precision\":[\"DEFAULT\",\"DEFAULT\"],\"preferred_element_type\":null,\"return_residuals\":false}": {
    "{\"block_m\":128,\"block_n\":64,\"block_k\":128,\"num_stages\":4,\"split_k\":1,\"grid_block_n\":4,\"warp_specialized\":true,\"persistent\":false,\"async_store\":true,\"collective\":false,\"grid_minor_dim\":1,\"grid_tile_width\":4}": {
      "compile_time_ms": 3992.5406449474394,
      "lower_time_ms": 482022.0920339925,
      "evaluation_times_ms": [
        23.649157,
        23.631718,
        23.469189999999998,
        23.672069,
        23.737765000000003
      ],
      "metadata": {
        "peak_memory_mb": 11776.149349212646
      }
    }
  },
  "{\"lhs\":\"bf16[327680,2880]\",\"rhs\":\"bf16[128,2880,2880]\",\"group_sizes\":[3115,3991,3364,3041,2364,3604,2442,4977,5378,2140,4418,2951,3170,5165,396,486,112,4646,4342,0,5461,0,2575,4356,660,3571,800,5272,2912,2314,1476,4321,2545,3172,104,3447,0,3443,5267,3805,2006,2439,3893,336,3721,3742,1174,719,1760,0,3182,2447,5516,569,1165,900,0,1413,2602,1364,887,616,3663,771,1097,0,4582,541,4676,536,5449,2615,5451,3375,4125,218,1578,670,1652,662,1774,2312,0,3864,3162,1481,2920,524,3214,5186,1777,3724,735,3997,1615,1022,3273,0,4626,26,0,1506,4103,5370,1388,3215,3304,3193,1245,5317,2495,4723,3903,1660,4541,2212,4917,3244,4921,3865,4047,2797,5335,0,2365,3384,0,1683],\"ragged_dot_dimension_numbers\":{\"dot_dimension_numbers\":[[[1],[1]],[[],[]]],\"lhs_ragged_dimensions\":[0],\"rhs_group_dimensions\":[0]},\"precision\":[\"DEFAULT\",\"DEFAULT\"],\"preferred_element_type\":null,\"return_residuals\":false}": {
    "{\"block_m\":128,\"block_n\":64,\"block_k\":128,\"num_stages\":4,\"split_k\":1,\"grid_block_n\":4,\"warp_specialized\":true,\"persistent\":true,\"async_store\":false,\"collective\":false,\"grid_minor_dim\":0,\"grid_tile_width\":4}": {
      "compile_time_ms": 13215.550121036358,
      "lower_time_ms": 333104.01765297865,
      "evaluation_times_ms": [
        14.710709000000001,
        16.001117,
        15.141464,
        16.483072,
        17.067715999999997
      ],
      "metadata": {
        "peak_memory_mb": 5625.071750640869
      }
    }
  },
  "{\"lhs\":\"bf16[393216,2048]\",\"rhs\":\"bf16[128,2048,768]\",\"group_sizes\":[3735,4789,4036,3649,2837,4325,2930,5972,6453,2568,5302,3542,3804,6198,475,583,135,5576,5211,0,6554,0,3090,5227,792,4285,960,6326,3494,2777,1771,5185,3054,3806,125,4136,0,4131,6320,4566,2407,2926,4672,403,4465,4491,1408,863,2112,0,3818,2937,6619,683,1398,1080,0,1696,3123,1636,1064,739,4395,925,1316,0,5498,650,5611,643,6539,3138,6541,4050,4951,262,1894,804,1983,795,2129,2774,0,4637,3794,1777,3504,629,3857,6223,2133,4469,882,4797,1938,1226,3928,0,5551,31,0,1808,4923,6444,1665,3858,3965,3832,1494,6380,2994,5668,4684,1992,5450,2655,5901,3892,5905,4638,4857,3357,6403,0,2838,4061,0,2019],\"ragged_dot_dimension_numbers\":{\"dot_dimension_numbers\":[[[1],[1]],[[],[]]],\"lhs_ragged_dimensions\":[0],\"rhs_group_dimensions\":[0]},\"precision\":[\"DEFAULT\",\"DEFAULT\"],\"preferred_element_type\":null,\"return_residuals\":false}": {
    "{\"block_m\":128,\"block_n\":64,\"block_k\":128,\"num_stages\":4,\"split_k\":1,\"grid_block_n\":4,\"warp_specialized\":true,\"persistent\":true,\"async_store\":false,\"collective\":false,\"grid_minor_dim\":0,\"grid_tile_width\":4}": {
      "compile_time_ms": 1714.4369480083697,
      "lower_time_ms": 332857.1756129968,
      "evaluation_times_ms": [
        2.73959,
        2.733958,
        2.7282629999999997,
        2.727045,
        2.734918
      ],
      "metadata": {
        "peak_memory_mb": 2496.085422515869
      }
    }
  },
  "{\"lhs\":\"bf16[393216,768]\",\"rhs\":\"bf16[128,768,2048]\",\"group_sizes\":[3735,4789,4036,3649,2837,4325,2930,5972,6453,2568,5302,3542,3804,6198,475,583,135,5576,5211,0,6554,0,3090,5227,792,4285,960,6326,3494,2777,1771,5185,3054,3806,125,4136,0,4131,6320,4566,2407,2926,4672,403,4465,4491,1408,863,2112,0,3818,2937,6619,683,1398,1080,0,1696,3123,1636,1064,739,4395,925,1316,0,5498,650,5611,643,6539,3138,6541,4050,4951,262,1894,804,1983,795,2129,2774,0,4637,3794,1777,3504,629,3857,6223,2133,4469,882,4797,1938,1226,3928,0,5551,31,0,1808,4923,6444,1665,3858,3965,3832,1494,6380,2994,5668,4684,1992,5450,2655,5901,3892,5905,4638,4857,3357,6403,0,2838,4061,0,2019],\"ragged_dot_dimension_numbers\":{\"dot_dimension_numbers\":[[[1],[1]],[[],[]]],\"lhs_ragged_dimensions\":[0],\"rhs_group_dimensions\":[0]},\"precision\":[\"DEFAULT\",\"DEFAULT\"],\"preferred_element_type\":null,\"return_residuals\":false}": {
    "{\"block_m\":128,\"block_n\":64,\"block_k\":128,\"num_stages\":4,\"split_k\":1,\"grid_block_n\":8,\"warp_specialized\":true,\"persistent\":true,\"async_store\":true,\"collective\":false,\"grid_minor_dim\":0,\"grid_tile_width\":8}": {
      "compile_time_ms": 1641.7536629596725,
      "lower_time_ms": 338367.2667600913,
      "evaluation_times_ms": [
        3.330825,
        3.33793,
        3.336425,
        3.338537,
        3.335017
      ],
      "metadata": {
        "peak_memory_mb": 2496.085422515869
      }
    }
  },
  "{\"lhs\":\"bf16[4096,4096]\",\"rhs\":\"bf16[8,4096,4096]\",\"group_sizes\":[4096,0,0,0,0,0,0,0],\"ragged_dot_dimension_numbers\":{\"dot_dimension_numbers\":[[[1],[1]],[[],[]]],\"lhs_ragged_dimensions\":[0],\"rhs_group_dimensions\":[0]},\"precision\":[\"DEFAULT\",\"DEFAULT\"],\"preferred_element_type\":null,\"return_residuals\":false}": {
    "{\"block_m\":128,\"block_n\":64,\"block_k\":128,\"num_stages\":4,\"split_k\":1,\"grid_block_n\":8,\"warp_specialized\":true,\"persistent\":true,\"async_store\":false,\"collective\":false,\"grid_minor_dim\":1,\"grid_tile_width\":8}": {
      "compile_time_ms": 84.93814099347219,
      "lower_time_ms": 81832.44267699774,
      "evaluation_times_ms": [
        0.250432,
        0.252993,
        0.250529,
        0.250945,
        0.250817
      ],
      "metadata": {
        "peak_memory_mb": 320.0010414123535
      }
    }
  },
  "{\"lhs\":\"bf16[8,4096]\",\"rhs\":\"bf16[8,4096,4096]\",\"group_sizes\":[1,1,1,1,1,1,1,1],\"ragged_dot_dimension_numbers\":{\"dot_dimension_numbers\":[[[1],[1]],[[],[]]],\"lhs_ragged_dimensions\":[0],\"rhs_group_dimensions\":[0]},\"precision\":[\"DEFAULT\",\"DEFAULT\"],\"preferred_element_type\":null,\"return_residuals\":false}": {
    "{\"block_m\":64,\"block_n\":64,\"block_k\":128,\"num_stages\":4,\"split_k\":1,\"grid_block_n\":4,\"warp_specialized\":true,\"persistent\":false,\"async_store\":true,\"collective\":false,\"grid_minor_dim\":0,\"grid_tile_width\":4}": {
      "compile_time_ms": 85.54132806602865,
      "lower_time_ms": 63577.16449396685,