{
  "$otSharedSchema": "#/pipette/schemas/2/pipetteLiquidPropertiesSchema.json",
  "supportedTips": {
    "t20": {
      "uiMaxFlowRate": 26.7,
      "defaultAspirateFlowRate": {
        "default": 22,
        "valuesByApiLevel": { "2.14": 22 }
      },
      "defaultDispenseFlowRate": {
        "default": 22,
        "valuesByApiLevel": { "2.14": 22 }
      },
      "defaultBlowOutFlowRate": {
        "default": 26.7,
        "valuesByApiLevel": { "2.14": 26.7 }
      },
      "defaultFlowAcceleration": 1200.0,
      "defaultTipLength": 52.0,
      "defaultReturnTipHeight": 0.71,
      "aspirate": {
        "default": {
          "1": [
            [0.11, 0.207815, 0.040201],
            [0.65, 0.43933, 0.014735],
            [1.04, 0.256666, 0.133466],
            [1.67, 0.147126, 0.247388],
            [2.45, 0.078774, 0.361536],
            [2.89, 0.042387, 0.450684],
            [3.2, 0.014781, 0.530464],
            [3.79, 0.071819, 0.347944],
            [4.22, 0.051592, 0.424605],
            [4.93, 0.021219, 0.552775],
            [5.81, 0.023461, 0.541725],
            [7.21, 0.008959, 0.625982],
            [8.93, 0.005456, 0.651235],
            [10.0, 0.007108, 0.636489],
            [13.61, 0.002591, 0.681656],
            [21.61, 0.002591, 0.681656]
          ]
        }
      },
      "dispense": {
        "default": {
          "1": [
            [0.11, 0.207815, 0.040201],
            [0.65, 0.43933, 0.014735],
            [1.04, 0.256666, 0.133466],
            [1.67, 0.147126, 0.247388],
            [2.45, 0.078774, 0.361536],
            [2.89, 0.042387, 0.450684],
            [3.2, 0.014781, 0.530464],
            [3.79, 0.071819, 0.347944],
            [4.22, 0.051592, 0.424605],
            [4.93, 0.021219, 0.552775],
            [5.81, 0.023461, 0.541725],
            [7.21, 0.008959, 0.625982],
            [8.93, 0.005456, 0.651235],
            [10.0, 0.007108, 0.636489],
            [13.61, 0.002591, 0.681656],
            [21.61, 0.002591, 0.681656]
          ]
        }
      },
      "defaultPushOutVolume": 3.5
    },
    "t50": {
      "uiMaxFlowRate": 26.7,
      "defaultAspirateFlowRate": {
        "default": 26.7,
        "valuesByApiLevel": { "2.14": 26.7 }
      },
      "defaultDispenseFlowRate": {
        "default": 26.7,
        "valuesByApiLevel": { "2.14": 26.7 }
      },
      "defaultBlowOutFlowRate": {
        "default": 26.7,
        "valuesByApiLevel": { "2.14": 26.7 }
      },
      "defaultFlowAcceleration": 1200.0,
      "defaultTipLength": 57.9,
      "defaultReturnTipHeight": 0.71,
      "aspirate": {
        "default": {
          "1": [
            [0.541667, 0.302563, 0.190632],
            [0.668333, 0.225982, 0.232113],
            [1.028333, 0.255401, 0.212451],
            [1.365, 0.149807, 0.321038],
            [1.965, 0.091112, 0.401156],
            [2.78, 0.060163, 0.46197],
            [3.136667, -0.019962, 0.684718],
            [3.471667, 0.014059, 0.578005],
            [3.916667, 0.031571, 0.51721],
            [4.458333, 0.069665, 0.368009],
            [5.173333, 0.015715, 0.608534],
            [5.99, 0.011271, 0.631526],
            [7.39, 0.006269, 0.661487],
            [9.18, 0.006559, 0.659347],
            [10.193333, 0.001667, 0.704254],
            [13.87, 0.002548, 0.695269],
            [27.368333, 0.000899, 0.718151],
            [45.855, 0.000182, 0.737772]
          ]
        }
      },
      "dispense": {
        "default": {
          "1": [
            [0.541667, 0.302563, 0.190632],
            [0.668333, 0.225982, 0.232113],
            [1.028333, 0.255401, 0.212451],
            [1.365, 0.149807, 0.321038],
            [1.965, 0.091112, 0.401156],
            [2.78, 0.060163, 0.46197],
            [3.136667, -0.019962, 0.684718],
            [3.471667, 0.014059, 0.578005],
            [3.916667, 0.031571, 0.51721],
            [4.458333, 0.069665, 0.368009],
            [5.173333, 0.015715, 0.608534],
            [5.99, 0.011271, 0.631526],
            [7.39, 0.006269, 0.661487],
            [9.18, 0.006559, 0.659347],
            [10.193333, 0.001667, 0.704254],
            [13.87, 0.002548, 0.695269],
            [27.368333, 0.000899, 0.718151],
            [45.855, 0.000182, 0.737772]
          ]
        }
      },
      "defaultPushOutVolume": 7
    }
  },
  "maxVolume": 30,
  "minVolume": 0.5,
  "defaultTipracks": [
    "opentrons/opentrons_flex_96_tiprack_50ul/1",
    "opentrons/opentrons_flex_96_filtertiprack_50ul/1",
    "opentrons/opentrons_flex_96_tiprack_20ul/1",
    "opentrons/opentrons_flex_96_filtertiprack_20ul/1"
  ]
}
