{
  "surface_area_by_group": {
    "trench_bottom": 12.801270744247573,
    "trench_cap_for_volume": 22.400000000000006,
    "trench_walls": 42.22261815604488,
    "ground_surface": 61.79999999999999,
    "pipe0_pipe_side": 7.705687779179943,
    "pipe0_pipe_cap_neg": 0.10171494657871849,
    "pipe0_pipe_cap_pos": 0.10484536711202849,
    "pipe1_pipe_side": 0.7370266442473166,
    "pipe1_pipe_cap_neg": 0.04576350003759774,
    "pipe1_pipe_cap_pos": 0.045763500037597785,
    "pipe2_pipe_side": 0.45970081047875666,
    "pipe2_pipe_cap_neg": 0.02391407443967004,
    "pipe2_pipe_cap_pos": 0.023914074439670037,
    "sphere0": 0.7838221025021314
  },
  "closed_surface_sets": {
    "trench_closed_groups": [
      "trench_walls",
      "trench_bottom",
      "trench_cap_for_volume"
    ]
  },
  "volumes": {
    "trench_from_surface": -21.25170290535576,
    "trench_flux_integral_div1": -21.25170290535576
  },
  "footprint_area_top": 22.400000000000006,
  "footprint_area_bottom": 12.801270744247573,
  "width_top": 1.4,
  "width_bottom": 0.7999999999999999,
  "noise": {
    "enable": true,
    "amplitude": 0.02,
    "corr_length": 0.6,
    "octaves": 2,
    "gain": 0.6,
    "seed": 13,
    "apply_to": [
      "trench_walls",
      "trench_bottom",
      "pipe*_pipe_side"
    ]
  }
}