{
  "surface_area_by_group": {
    "trench_bottom": 16.473997911050567,
    "trench_cap_for_volume": 18.819290943275632,
    "trench_walls": 47.125552855988765,
    "inner_column_lid": 0.7653310283720559,
    "ground_surface": 44.03309020270969,
    "pipe0_pipe_side": 2.7766722445872127,
    "pipe0_pipe_cap_neg": 0.22418287207477486,
    "pipe0_pipe_cap_pos": 0.2234243503959072,
    "pipe1_pipe_side": 2.2008818250895956,
    "pipe1_pipe_cap_neg": 0.12665718855345193,
    "pipe1_pipe_cap_pos": 0.12598629647221604,
    "pipe2_pipe_side": 1.5575592186478329,
    "pipe2_pipe_cap_neg": 0.056181073896585436,
    "pipe2_pipe_cap_pos": 0.0565618739885123,
    "pipe3_pipe_side": 1.7390323396105312,
    "pipe3_pipe_cap_neg": 0.08121273952997668,
    "pipe3_pipe_cap_pos": 0.08105980291105107,
    "sphere0": 0.7838221025021312
  },
  "closed_surface_sets": {
    "trench_closed_groups": [
      "trench_walls",
      "trench_bottom",
      "trench_cap_for_volume"
    ]
  },
  "volumes": {
    "trench_from_surface": -46.96345389726256,
    "trench_flux_integral_div1": -46.96345389726256
  },
  "footprint_area_top": 18.819290943275632,
  "footprint_area_bottom": 16.473997911050567,
  "width_top": 2.0,
  "width_bottom": 1.75,
  "noise": {
    "enable": true,
    "amplitude": 0.02,
    "corr_length": 0.4,
    "octaves": 2,
    "gain": 0.5,
    "seed": 37,
    "apply_to": [
      "trench_walls",
      "trench_bottom"
    ]
  }
}