{
  "dataset_size": 100000,
  "avg_entity_size": 4029,
  "total_data_size_mb": 384.2353820800781,
  "benchmarks": [
    {
      "total_time": 0.1570110321044922,
      "items_per_second": 636897.9215005041,
      "valid_count": 100000,
      "error_count": 0,
      "avg_time_per_item": 0.0015701103210449218,
      "library": "Satya"
    },
    {
      "total_time": 0.04971027374267578,
      "items_per_second": 2011656.5947242207,
      "valid_count": 100000,
      "error_count": 0,
      "avg_time_per_item": 0.0004971027374267578,
      "library": "msgspec"
    }
  ],
  "memory_usage": {
    "Satya": {
      "max_memory_mb": 1376.53125,
      "min_memory_mb": 1376.53125,
      "avg_memory_mb": 1376.53125,
      "memory_samples": 21
    },
    "msgspec": {
      "max_memory_mb": 1376.546875,
      "min_memory_mb": 1376.546875,
      "avg_memory_mb": 1376.546875,
      "memory_samples": 12
    }
  }
}