{
  "0.0002": [
    0.0,
    0.0,
    1.0,
    1.0
  ],
  "0.0003": [
    1.0,
    0.9568627450980393,
    0.5372549019607843,
    1.0
  ],
  "0.001": [
    1.0,
    1.0,
    1.0,
    1.0
  ],
  "0.005": [
    0.7725490196078432,
    0.5607843137254902,
    0.4392156862745098,
    1.0
  ],
  "0.008": [
    0.611764705882353,
    1.0,
    0.592156862745098,
    1.0
  ],
  "0.01": [
    0.6549019607843137,
    0.6549019607843137,
    0.6549019607843137,
    1.0
  ],
  "0.03": [
    0.4235294117647059,
    0.7568627450980392,
    0.29411764705882354,
    1.0
  ],
  "0.05": [
    0.8352941176470589,
    0.8941176470588236,
    0.29411764705882354,
    1.0
  ],
  "0.1": [
    0.6313725490196078,
    0.7490196078431373,
    0.043137254901960784,
    1.0
  ],
  "0.2": [
    0.4470588235294118,
    0.5215686274509804,
    0.06666666666666667,
    1.0
  ],
  "0.4": [
    0.06274509803921569,
    0.7137254901960784,
    0.07450980392156863,
    1.0
  ],
  "0.5": [
    1.0,
    0.6862745098039216,
    0.00392156862745098,
    1.0
  ],
  "0.8": [
    1.0,
    0.23529411764705882,
    0.08235294117647059,
    1.0
  ],
  "1.0": [
    0.0196078431372549,
    0.592156862745098,
    0.0,
    1.0
  ],
  "1.2": [
    0.0,
    0.3,
    0.1,
    1.0
  ]
}
