{
  "timestamp": "2026-01-24T11:03:32.917174",
  "system": {
    "platform": "Linux 5.15.0-144-generic",
    "python_version": "3.12.12",
    "torch_version": "2.9.1+cu128",
    "device_type": "cuda",
    "device_name": "NVIDIA A100-PCIE-40GB",
    "device_count": 2,
    "cuda_version": "12.8",
    "cudnn_version": 91002,
    "cudnn_benchmark": false,
    "memory_gb": 42.298834944,
    "numba_available": true,
    "accelerate_available": true
  },
  "config": {
    "d_model": 128,
    "n_layers": 4,
    "n_heads": 4,
    "batch_size": 32,
    "vocab_size": 137,
    "complexity": "medium"
  },
  "grammar": {
    "numba": {
      "name": "numba",
      "count": 10,
      "total_ms": 20.734885707497597,
      "mean_ms": 2.0734885707497597,
      "std_ms": 0.5282975609802779,
      "min_ms": 1.3266950845718384,
      "max_ms": 3.0258242040872574
    },
    "pytorch": {
      "name": "pytorch",
      "count": 10,
      "total_ms": 160.5430394411087,
      "mean_ms": 16.05430394411087,
      "std_ms": 0.42700837199825625,
      "min_ms": 15.574894845485687,
      "max_ms": 16.991887241601944
    }
  },
  "data_loading": {
    "stats": {
      "collation_with_grammar": {
        "name": "collation_with_grammar",
        "count": 20,
        "total_ms": 440.28371945023537,
        "mean_ms": 22.01418597251177,
        "std_ms": 11.978925144331939,
        "min_ms": 14.264479279518127,
        "max_ms": 53.33670787513256
      },
      "collation_no_grammar": {
        "name": "collation_no_grammar",
        "count": 20,
        "total_ms": 263.12259025871754,
        "mean_ms": 13.156129512935877,
        "std_ms": 0.13900890695336682,
        "min_ms": 12.90585845708847,
        "max_ms": 13.445090502500534
      },
      "tokenization": {
        "name": "tokenization",
        "count": 20,
        "total_ms": 9.92470420897007,
        "mean_ms": 0.4962352104485035,
        "std_ms": 0.04178252311512259,
        "min_ms": 0.46101026237010956,
        "max_ms": 0.5966033786535263
      }
    },
    "grammar_overhead_ms": 8.858056459575891,
    "grammar_overhead_pct": 40.237946888595346
  },
  "training_step": {
    "stats": {
      "backward": {
        "name": "backward",
        "count": 30,
        "total_ms": 203.56435514986515,
        "mean_ms": 6.785478504995505,
        "std_ms": 0.4808549477442282,
        "min_ms": 5.990663543343544,
        "max_ms": 8.436368778347969
      },
      "forward": {
        "name": "forward",
        "count": 30,
        "total_ms": 123.2101246714592,
        "mean_ms": 4.107004155715306,
        "std_ms": 1.186687103541981,
        "min_ms": 3.3501088619232178,
        "max_ms": 9.721042588353157
      },
      "clip_grad": {
        "name": "clip_grad",
        "count": 30,
        "total_ms": 67.37656891345978,
        "mean_ms": 2.2458856304486594,
        "std_ms": 7.955024863074786,
        "min_ms": 0.6371010094881058,
        "max_ms": 44.363098219037056
      },
      "optimizer_step": {
        "name": "optimizer_step",
        "count": 30,
        "total_ms": 29.833627864718437,
        "mean_ms": 0.9944542621572813,
        "std_ms": 0.09456305142691734,
        "min_ms": 0.8691921830177307,
        "max_ms": 1.3610944151878357
      },
      "device_transfer": {
        "name": "device_transfer",
        "count": 30,
        "total_ms": 9.268194437026978,
        "mean_ms": 0.3089398145675659,
        "std_ms": 0.08731149175098572,
        "min_ms": 0.26270002126693726,
        "max_ms": 0.7571522146463394
      },
      "zero_grad": {
        "name": "zero_grad",
        "count": 30,
        "total_ms": 4.625625908374786,
        "mean_ms": 0.15418753027915955,
        "std_ms": 0.02807181185078111,
        "min_ms": 0.0751987099647522,
        "max_ms": 0.24007074534893036
      }
    },
    "total_step_ms": 14.71497267484665,
    "samples_per_sec": 2174.65575418294
  },
  "forward_breakdown": {
    "stats": {
      "backbone": {
        "name": "backbone",
        "count": 10,
        "total_ms": 28.96304614841938,
        "mean_ms": 2.896304614841938,
        "std_ms": 4.26897980007492,
        "min_ms": 1.4977753162384033,
        "max_ms": 15.045596286654472
      },
      "embeddings": {
        "name": "embeddings",
        "count": 10,
        "total_ms": 4.504265263676643,
        "mean_ms": 0.45042652636766434,
        "std_ms": 0.20211508653454918,
        "min_ms": 0.37277862429618835,
        "max_ms": 1.0195709764957428
      },
      "discrete_head": {
        "name": "discrete_head",
        "count": 10,
        "total_ms": 0.6608776748180389,
        "mean_ms": 0.0660877674818039,
        "std_ms": 0.004922017883070929,
        "min_ms": 0.06137974560260773,
        "max_ms": 0.07925927639007568
      },
      "grammar_masking": {
        "name": "grammar_masking",
        "count": 10,
        "total_ms": 0.6387811154127121,
        "mean_ms": 0.06387811154127121,
        "std_ms": 0.0070218266320936215,
        "min_ms": 0.058710575103759766,
        "max_ms": 0.07701292634010315
      }
    }
  }
}