Lockdown,Vaccination,Total Utility,Utility,Cost of Loss of Lives
1,1,80.26197234010648,23.04960288456102,-57.21236945554546
