{
  "path_xy": [
    [
      1.5,
      0.0
    ],
    [
      1.4711779206048456,
      0.2926354830241924
    ],
    [
      1.38581929876693,
      0.5740251485476346
    ],
    [
      1.2472044184538178,
      0.8333553495294033
    ],
    [
      1.0606601717798214,
      1.0606601717798212
    ],
    [
      0.8333553495294035,
      1.2472044184538178
    ],
    [
      0.5740251485476348,
      1.38581929876693
    ],
    [
      0.2926354830241925,
      1.4711779206048456
    ],
    [
      9.184850993605148e-17,
      1.5
    ],
    [
      -0.2926354830241923,
      1.4711779206048456
    ],
    [
      -0.5740251485476346,
      1.38581929876693
    ],
    [
      -0.8333553495294029,
      1.2472044184538182
    ],
    [
      -1.0606601717798212,
      1.0606601717798214
    ],
    [
      -1.247204418453818,
      0.8333553495294033
    ],
    [
      -1.38581929876693,
      0.5740251485476349
    ],
    [
      -1.4711779206048456,
      0.2926354830241929
    ],
    [
      -1.5,
      1.8369701987210297e-16
    ],
    [
      -1.4711779206048456,
      -0.2926354830241925
    ],
    [
      -1.3858192987669302,
      -0.5740251485476345
    ],
    [
      -1.2472044184538182,
      -0.8333553495294029
    ],
    [
      -1.0606601717798214,
      -1.0606601717798212
    ],
    [
      -0.8333553495294033,
      -1.2472044184538178
    ],
    [
      -0.5740251485476355,
      -1.3858192987669298
    ],
    [
      -0.292635483024193,
      -1.4711779206048454
    ],
    [
      -2.755455298081545e-16,
      -1.5
    ],
    [
      0.29263548302419246,
      -1.4711779206048456
    ],
    [
      0.574025148547635,
      -1.38581929876693
    ],
    [
      0.8333553495294028,
      -1.2472044184538182
    ],
    [
      1.060660171779821,
      -1.0606601717798214
    ],
    [
      1.2472044184538178,
      -0.8333553495294033
    ],
    [
      1.3858192987669298,
      -0.5740251485476355
    ],
    [
      1.4711779206048454,
      -0.29263548302419307
    ],
    [
      1.5,
      0.0
    ]
  ],
  "width": 2.0,
  "depth": 2.5,
  "wall_slope": 0.05,
  "ground_margin": 1.0,
  "ground": {
    "z0": 0.0,
    "slope": [
      0.0,
      0.0
    ],
    "size_margin": 2.0
  },
  "pipes": [
    {
      "radius": 0.2,
      "length": 4.0,
      "angle_deg": 0,
      "s_center": 0.25,
      "z": -0.5,
      "offset_u": 0.0
    },
    {
      "radius": 0.15,
      "length": 3.5,
      "angle_deg": 45,
      "s_center": 0.5,
      "z": -1.2,
      "offset_u": 0.1
    },
    {
      "radius": 0.1,
      "length": 3.0,
      "angle_deg": -60,
      "s_center": 0.75,
      "z": -1.8,
      "offset_u": -0.15
    },
    {
      "radius": 0.12,
      "length": 3.2,
      "angle_deg": 90,
      "s_center": 0.0,
      "z": -2.2,
      "offset_u": 0.0
    }
  ],
  "boxes": [],
  "spheres": [
    {
      "radius": 0.25,
      "s": 0.4,
      "offset_u": 0.0,
      "z": -1.5
    }
  ],
  "noise": {
    "enable": true,
    "amplitude": 0.02,
    "corr_length": 0.4,
    "octaves": 2,
    "gain": 0.5,
    "seed": 37,
    "apply_to": [
      "trench_walls",
      "trench_bottom"
    ]
  }
}