{
  "surface_area_by_group": {
    "trench_bottom": 61.67228672101475,
    "trench_cap_for_volume": 66.92240390116315,
    "trench_walls": 44.05215564684328,
    "inner_column_lid": 16.194111766683047,
    "ground_surface": 75.06246105242614,
    "ground_island": 16.194111766683047,
    "pipe0_pipe_side": 2.919515320927018,
    "pipe0_pipe_cap_neg": 0.17855884505565078,
    "pipe0_pipe_cap_pos": 0.1017149465787185,
    "pipe1_pipe_side": 2.411060627740298,
    "pipe1_pipe_cap_neg": 0.06153126397971859,
    "pipe1_pipe_cap_pos": 0.09639393656334856,
    "sphere0": 1.128703827603069
  },
  "closed_surface_sets": {
    "trench_closed_groups": [
      "trench_walls",
      "trench_bottom",
      "trench_cap_for_volume"
    ]
  },
  "volumes": {
    "trench_from_surface": -64.57410868962761,
    "trench_flux_integral_div1": -64.57410868962761
  },
  "footprint_area_top": 66.92240390116315,
  "footprint_area_bottom": 61.67228672101475,
  "width_top": 2.6,
  "width_bottom": 2.396,
  "noise": {
    "enable": true,
    "amplitude": 0.035,
    "corr_length": 0.5,
    "octaves": 4,
    "gain": 0.55,
    "seed": 29,
    "apply_to": [
      "trench_walls",
      "trench_bottom",
      "pipe*_pipe_side"
    ]
  }
}