{
    "point": {
        "spot_size": 4.3,
        "offset": -0.03238,
        "scale": 0.009945
    },
    "map": {
        "spot_size": 5.1,
        "offset": -0.056619,
        "scale": 0.009909
    }
}