{
  "$otSharedSchema": "#/pipette/schemas/2/pipetteLiquidPropertiesSchema.json",
  "supportedTips": {
    "t20": {
      "uiMaxFlowRate": 26.7,
      "defaultAspirateFlowRate": {
        "default": 22,
        "valuesByApiLevel": { "2.14": 22 }
      },
      "defaultDispenseFlowRate": {
        "default": 22,
        "valuesByApiLevel": { "2.14": 22 }
      },
      "defaultBlowOutFlowRate": {
        "default": 26.7,
        "valuesByApiLevel": { "2.14": 26.7 }
      },
      "defaultFlowAcceleration": 1200.0,
      "defaultTipLength": 52.0,
      "defaultReturnTipHeight": 0.71,
      "aspirate": {
        "default": {
          "1": [
            [0.11, 0.207815, 0.040201],
            [0.65, 0.43933, 0.014735],
            [1.04, 0.256666, 0.133466],
            [1.67, 0.147126, 0.247388],
            [2.45, 0.078774, 0.361536],
            [2.89, 0.042387, 0.450684],
            [3.2, 0.014781, 0.530464],
            [3.79, 0.071819, 0.347944],
            [4.22, 0.051592, 0.424605],
            [4.93, 0.021219, 0.552775],
            [5.81, 0.023461, 0.541725],
            [7.21, 0.008959, 0.625982],
            [8.93, 0.005456, 0.651235],
            [10.0, 0.007108, 0.636489],
            [13.61, 0.002591, 0.681656],
            [21.61, 0.002591, 0.681656]
          ]
        }
      },
      "dispense": {
        "default": {
          "1": [
            [0.11, 0.207815, 0.040201],
            [0.65, 0.43933, 0.014735],
            [1.04, 0.256666, 0.133466],
            [1.67, 0.147126, 0.247388],
            [2.45, 0.078774, 0.361536],
            [2.89, 0.042387, 0.450684],
            [3.2, 0.014781, 0.530464],
            [3.79, 0.071819, 0.347944],
            [4.22, 0.051592, 0.424605],
            [4.93, 0.021219, 0.552775],
            [5.81, 0.023461, 0.541725],
            [7.21, 0.008959, 0.625982],
            [8.93, 0.005456, 0.651235],
            [10.0, 0.007108, 0.636489],
            [13.61, 0.002591, 0.681656],
            [21.61, 0.002591, 0.681656]
          ]
        }
      },
      "defaultPushOutVolume": 3.5
    },
    "t50": {
      "uiMaxFlowRate": 31.8,
      "defaultAspirateFlowRate": {
        "default": 31.8,
        "valuesByApiLevel": { "2.14": 31.8 }
      },
      "defaultDispenseFlowRate": {
        "default": 31.8,
        "valuesByApiLevel": { "2.14": 31.8 }
      },
      "defaultBlowOutFlowRate": {
        "default": 31.8,
        "valuesByApiLevel": { "2.14": 31.8 }
      },
      "defaultFlowAcceleration": 1200.0,
      "defaultTipLength": 57.9,
      "defaultReturnTipHeight": 0.71,
      "aspirate": {
        "default": {
          "1": [
            [0.36, 0.560999, 0.03366],
            [0.546667, 0.416654, 0.085624],
            [1.02, 0.333473, 0.131096],
            [1.3, 0.1045, 0.364649],
            [1.956667, 0.117611, 0.347604],
            [2.68, 0.039898, 0.499663],
            [3.013333, -0.026841, 0.678523],
            [3.36, 0.025988, 0.519331],
            [3.78, 0.028211, 0.511863],
            [4.396667, 0.082234, 0.307657],
            [5.073333, 0.010771, 0.621856],
            [5.88, 0.012027, 0.615482],
            [7.3, 0.00915, 0.632397],
            [9.086667, 0.007301, 0.645898],
            [10.143333, 0.005174, 0.665228],
            [13.76, 0.001967, 0.697758],
            [27.223333, 0.001039, 0.710524],
            [45.73, 0.000284, 0.731072]
          ]
        }
      },
      "dispense": {
        "default": {
          "1": [
            [0.36, 0.560999, 0.03366],
            [0.546667, 0.416654, 0.085624],
            [1.02, 0.333473, 0.131096],
            [1.3, 0.1045, 0.364649],
            [1.956667, 0.117611, 0.347604],
            [2.68, 0.039898, 0.499663],
            [3.013333, -0.026841, 0.678523],
            [3.36, 0.025988, 0.519331],
            [3.78, 0.028211, 0.511863],
            [4.396667, 0.082234, 0.307657],
            [5.073333, 0.010771, 0.621856],
            [5.88, 0.012027, 0.615482],
            [7.3, 0.00915, 0.632397],
            [9.086667, 0.007301, 0.645898],
            [10.143333, 0.005174, 0.665228],
            [13.76, 0.001967, 0.697758],
            [27.223333, 0.001039, 0.710524],
            [45.73, 0.000284, 0.731072]
          ]
        }
      },
      "defaultPushOutVolume": 7
    }
  },
  "maxVolume": 30,
  "minVolume": 0.5,
  "defaultTipracks": [
    "opentrons/opentrons_flex_96_tiprack_50ul/1",
    "opentrons/opentrons_flex_96_filtertiprack_50ul/1",
    "opentrons/opentrons_flex_96_tiprack_20ul/1",
    "opentrons/opentrons_flex_96_filtertiprack_20ul/1"
  ]
}
