{
  "satya_time": 0.30446791648864746,
  "satya_mem": 0.578125,
  "satya_ips": 1642209.1554551143,
  "msgspec_time": 0.29149699211120605,
  "msgspec_mem": 0.265625,
  "msgspec_ips": 1715283.5656336725
}