{
  "planets": [
    {
      "name": "Star",
      "id": 0,
      "mass": 1.0,
      "initial_position": [
        -2.267024040222168,
        -0.8613282442092896,
        -5.134219646453857
      ],
      "initial_velocity": [
        0.26928797364234924,
        0.34883254766464233,
        0.585848331451416
      ],
      "create_stable_orbit": 0,
      "eccentricity": 0,
      "id_of_central_body": null,
      "colour": "yellow",
      "simulation": 1
    },
    {
      "name": "Planet1",
      "id": 1,
      "mass": 1.0,
      "initial_position": [
        4.367494106292725,
        7.097757339477539,
        4.100731372833252
      ],
      "initial_velocity": [
        0.2270209640264511,
        0.4601499140262604,
        -0.002425301820039749
      ],
      "create_stable_orbit": 0,
      "eccentricity": 0,
      "id_of_central_body": 0,
      "colour": "blue",
      "simulation": 1
    },
    {
      "name": "Planet2",
      "id": 2,
      "mass": 1.0,
      "initial_position": [
        -2.1220197677612305,
        -6.553497791290283,
        3.412447214126587
      ],
      "initial_velocity": [
        0.419737309217453,
        0.34727203845977783,
        0.4261176884174347
      ],
      "create_stable_orbit": 0,
      "eccentricity": 0,
      "id_of_central_body": 0,
      "colour": "grey",
      "simulation": 1
    }
  ]
}