,Measured_PB,Stdev_PB,Corrected_PB,Rel_stdev_PB (%),n_spectra_used
Al_Ka1,7817.951326809194,684.8156610691746,8103.208403378131,8.759528327079954,9
