p_pdot3,p_pdot1,exo,g,p_y3,p_pdot2,p_rs1,p_y2,p_y1,PDOT,RR,RS,Y
0.276,0.414,0.0,0.08,0.315,0.196,3.0,0.098,0.304,0.0,0.0,0.0,0.00.276,0.414,0.0,0.049,0.315,0.196,3.0,0.098,0.304
0.276,0.414,0.0,0.08333333333333333,0.315,0.196,3.0,0.098,0.304,0.0,0.0,0.0,0.00.276,0.414,0.0,0.049,0.315,0.196,3.0,0.098,0.304
0.276,0.414,0.0,0.08666666666666667,0.315,0.196,3.0,0.098,0.304,0.0,0.0,0.0,0.00.276,0.414,0.0,0.049,0.315,0.196,3.0,0.098,0.304
