{
    "themes": [
        {
            "scale_polygon_colors": [
                [0.25, "#00FFCC"],
                [0.5, "#00876C"],
                [0.75, "#00211B"]
            ],
            "needle_center_bg": [
                [0, "#00211B"],
                [0.322581, "#00FFCC"],
                [0.571429, "#00876C"],
                [1, "#00211B"]
            ],
            "outer_circle_bg": [
                [0.0645161, "#00211B"],
                [0.36, "#00FFCC"],
                [1, "#00876C"]
            ],
            "bigScaleMarker": "black",
            "fineScaleColor": "black",
            "customTheme": [
                [0, "#00211B"],
                [0.322581, "#00FFCC"],
                [0.571429, "#00876C"]
            ]
        },
        {
            "scale_polygon_colors": [
                [0.25, "#00211B"],
                [0.5, "#00876C"],
                [0.75, "#00FFCC"]
            ],
            "needle_center_bg": [
                [0, "#00FFCC"],
                [0.322581, "#00211B"],
                [0.571429, "#00876C"],
                [1, "#00FFCC"]
            ],
            "outer_circle_bg": [
                [0.0645161, "#00FFCC"],
                [0.36, "#00211B"],
                [1, "#00876C"]
            ],
            "bigScaleMarker": "white",
            "fineScaleColor": "white",
            "customTheme": [
                [0, "#00211B"],
                [0.322581, "#00876C"],
                [0.571429, "#00FFCC"]
            ]
        },
        {
            "scale_polygon_colors": [
                [0.25, "#001EFF"],
                [0.5, "#001299"],
                [0.75, "#000426"]
            ],
            "needle_center_bg": [
                [0, "#000426"],
                [0.322581, "#001EFF"],
                [0.571429, "#001299"],
                [1, "#000426"]
            ],
            "outer_circle_bg": [
                [0.0645161, "#000426"],
                [0.36, "#001EFF"],
                [1, "#001299"]
            ],
            "bigScaleMarker": "black",
            "fineScaleColor": "black",
            "customTheme": [
                [0, "#000426"],
                [0.322581, "#001EFF"],
                [0.571429, "#001299"]
            ]
        },
        {
            "scale_polygon_colors": [
                [0.25, "#000426"],
                [0.5, "#001299"],
                [0.75, "#001EFF"]
            ],
            "needle_center_bg": [
                [0, "#001EFF"],
                [0.322581, "#000426"],
                [0.571429, "#001299"],
                [1, "#001EFF"]
            ],
            "outer_circle_bg": [
                [0.0645161, "#001EFF"],
                [0.36, "#000426"],
                [1, "#001299"]
            ],
            "bigScaleMarker": "white",
            "fineScaleColor": "white",
            "customTheme": [
                [0, "#000426"],
                [0.322581, "#001299"],
                [0.571429, "#001EFF"]
            ]
        },
        {
            "scale_polygon_colors": [
                [0.25, "#F200FF"],
                [0.5, "#85008C"],
                [0.75, "#240026"]
            ],
            "needle_center_bg": [
                [0, "#240026"],
                [0.322581, "#F200FF"],
                [0.571429, "#85008C"],
                [1, "#240026"]
            ],
            "outer_circle_bg": [
                [0.0645161, "#240026"],
                [0.36, "#F200FF"],
                [1, "#85008C"]
            ],
            "bigScaleMarker": "black",
            "fineScaleColor": "black",
            "customTheme": [
                [0, "#240026"],
                [0.322581, "#F200FF"],
                [0.571429, "#85008C"]
            ]
        },
        {
            "scale_polygon_colors": [
                [0.25, "#240026"],
                [0.5, "#85008C"],
                [0.75, "#F200FF"]
            ],
            "needle_center_bg": [
                [0, "#F200FF"],
                [0.322581, "#240026"],
                [0.571429, "#85008C"],
                [1, "#F200FF"]
            ],
            "outer_circle_bg": [
                [0.0645161, "#F200FF"],
                [0.36, "#240026"],
                [1, "#85008C"]
            ],
            "bigScaleMarker": "white",
            "fineScaleColor": "white",
            "customTheme": [
                [0, "#240026"],
                [0.322581, "#85008C"],
                [0.571429, "#F200FF"]
            ]
        },
        {
            "scale_polygon_colors": [
                [0.25, "#FF0022"],
                [0.5, "#080001"],
                [0.75, "#009991"]
            ],
            "needle_center_bg": [
                [0, "#009991"],
                [0.322581, "#FF0022"],
                [0.571429, "#080001"],
                [1, "#009991"]
            ],
            "outer_circle_bg": [
                [0.0645161, "#009991"],
                [0.36, "#FF0022"],
                [1, "#080001"]
            ],
            "bigScaleMarker": "white",
            "fineScaleColor": "white",
            "customTheme": [
                [0, "#009991"],
                [0.322581, "#080001"],
                [0.571429, "#FF0022"]
            ]
        },
        {
            "scale_polygon_colors": [
                [0.25, "#009991"],
                [0.5, "#080001"],
                [0.75, "#FF0022"]
            ],
            "needle_center_bg": [
                [0, "#FF0022"],
                [0.322581, "#009991"],
                [0.571429, "#080001"],
                [1, "#FF0022"]
            ],
            "outer_circle_bg": [
                [0.0645161, "#FF0022"],
                [0.36, "#009991"],
                [1, "#080001"]
            ],
            "bigScaleMarker": "white",
            "fineScaleColor": "white",
            "customTheme": [
                [0, "#009991"],
                [0.322581, "#080001"],
                [0.571429, "#FF0022"]
            ]
        }
    ]
}
